{"rocauc": 0.8906516142692881, "avg_prediction_latency": 13497.424197563052}