{"rocauc": 0.9207842424541723, "avg_prediction_latency": 18209.07996879253}